problem id,problem description
1,log saw stop not possible restart machine
2,log blade stop not possible restart machine
3,requested 24h service due problem sincro break functionally
4,asked 24h service due problem sincro break functionally
5,required modification reduce lower limit cut length 220 mm 207 mm
1,log saw stop not possible restart machine
2,log blade stop not possible restart machine
3,requested 24h service due problem sincro break functionally
4,asked 24h service due problem sincro break functionally
5,required modification reduce lower limit cut length 220 mm 207 mm
1,log saw stop not possible restart machine
2,log blade stop not possible restart machine
3,requested 24h service due problem sincro break functionally
4,asked 24h service due problem sincro break functionally
5,required modification reduce lower limit cut length 220 mm 207 mm
1,log saw stop not possible restart machine
2,log blade stop not possible restart machine
3,requested 24h service due problem sincro break functionally
4,asked 24h service due problem sincro break functionally
5,required modification reduce lower limit cut length 220 mm 207 mm
1,log saw stop not possible restart machine
2,log blade stop not possible restart machine
3,requested 24h service due problem sincro break functionally
4,asked 24h service due problem sincro break functionally
5,required modification reduce lower limit cut length 220 mm 207 mm
1,log saw stop not possible restart machine
2,log blade stop not possible restart machine
3,requested 24h service due problem sincro break functionally
4,asked 24h service due problem sincro break functionally
5,required modification reduce lower limit cut length 220 mm 207 mm
1,log saw stop not possible restart machine
2,log blade stop not possible restart machine
3,requested 24h service due problem sincro break functionally
4,asked 24h service due problem sincro break functionally
5,required modification reduce lower limit cut length 220 mm 207 mm
1,log saw stop not possible restart machine
2,log blade stop not possible restart machine
3,requested 24h service due problem sincro break functionally
4,asked 24h service due problem sincro break functionally
5,required modification reduce lower limit cut length 220 mm 207 mm1,log saw stop not possible restart machine
2,log blade stop not possible restart machine
3,requested 24h service due problem sincro break functionally
4,asked 24h service due problem sincro break functionally
5,required modification reduce lower limit cut length 220 mm 207 mm1,log saw stop not possible restart machine
2,log blade stop not possible restart machine
3,requested 24h service due problem sincro break functionally
4,asked 24h service due problem sincro break functionally
5,required modification reduce lower limit cut length 220 mm 207 mm1,log saw stop not possible restart machine
2,log blade stop not possible restart machine
3,requested 24h service due problem sincro break functionally
4,asked 24h service due problem sincro break functionally
5,required modification reduce lower limit cut length 220 mm 207 mm1,log saw stop not possible restart machine
2,log blade stop not possible restart machine
3,requested 24h service due problem sincro break functionally
4,asked 24h service due problem sincro break functionally
5,required modification reduce lower limit cut length 220 mm 207 mm1,log saw stop not possible restart machine
2,log blade stop not possible restart machine
3,requested 24h service due problem sincro break functionally
4,asked 24h service due problem sincro break functionally
5,required modification reduce lower limit cut length 220 mm 207 mm